Name,Date,State
Aaron,02/15/1904,Missouri
Adrian,04/01/1902,Missouri
Agency,07/01/1902,Missouri
Alba,11/02/1903,Missouri
Albany,09/01/1903,Missouri
Alberton ,02/01/1902,Missouri
Aldrich,11/15/1904,Missouri
Alexandria,03/02/1903,Missouri
Allendale ,11/16/1903,Missouri
Allenton,06/01/1904,Missouri
Alllenville,09/15/1904,Missouri
Alma,09/01/1903,Missouri
Altamont,11/02/1903,Missouri
Altona,02/15/1904,Missouri
Amazonia,03/02/1903,Missouri
Amity,11/01/1901,Missouri
Amoret,02/15/1904,Missouri
Amsterdam,02/15/1904,Missouri
Anabel,10/01/1902,Missouri
Anabel,12/15/1902,Missouri
Anderson,04/01/1903,Missouri
Anglum,06/01/1904,Missouri
Anniston,09/01/1904,Missouri
Appleton City,03/15/1902,Missouri
Arbela,02/02/1903,Missouri
Archie,11/02/1903,Missouri
Armstrong,07/01/1902,Missouri
Asbury,12/02/1901,Missouri
Ashgrove,10/01/1903,Missouri
Ashland,04/15/1904,Missouri
Ashley,04/01/1904,Missouri
Atlanta,10/01/1902,Missouri
Atlanta,12/15/1902,Missouri
Aullville,03/02/1903,Missouri
Aurora,04/01/1903,Missouri
Auxvasse,12/01/1902,Missouri
Bachelor,10/01/1904,Missouri
Baring,10/01/1903,Missouri
Barnard,09/02/1901,Missouri
Barnett,08/15/1904,Missouri
Bates City,11/02/1903,Missouri
Bedford,09/15/1903,Missouri
Bellefontaine,06/01/1904,Missouri
Belton,11/01/1902,Missouri
Benton,03/15/1901,Missouri
Benton City,04/01/1904,Missouri
Berwick,07/15/1904,Missouri
Bethany,03/02/1903,Missouri
Bethel,09/01/1902,Missouri
Bevier,01/15/1904,Missouri
Bigelow,02/02/1903,Missouri
Billings,02/02/1903,Missouri
Blackburn,08/01/1904,Missouri
Blackwater,03/15/1901,Missouri
Blairstown,03/01/1902,Missouri
Blodgett,02/02/1903,Missouri
Bloomfield,09/15/1904,Missouri
Blue Springs,02/01/1902,Missouri
Blythedale,04/01/1903,Missouri
Bogard,03/02/1903,Missouri
Bois D’ Arc,10/01/1903,Missouri
Bolckow,10/01/1902,Missouri
Bolivar,07/01/1903,Missouri
Boonville,03/01/1901,Missouri
Bosworth,03/02/1903,Missouri
Bower Mills,10/15/1904,Missouri
Bowling Green,07/01/1901,Missouri
Brashear,09/15/1903,Missouri
Braymer,09/02/1901,Missouri
Breckinridge,09/02/1901,Missouri
Brimson,01/15/1904,Missouri
Briscoe,02/01/1904,Missouri
Bronaugh,09/01/1902,Missouri
Brookfield,11/01/1901,Missouri
Brookline Station,10/01/1903,Missouri
Browning,01/15/1901,Missouri
Brownington,12/15/1903,Missouri
Brunswick,05/16/1904,Missouri
Bucklin,12/02/1901,Missouri
Buckner,02/01/1902,Missouri
Buffalo,09/15/1903,Missouri
Bunceton,07/01/1902,Missouri
Burksville,12/01/1904,Missouri
Burlington Junction,08/01/1900,Missouri
Butler,03/01/1901,Missouri
Cainesville,09/15/1903,Missouri
Cairo,10/15/1896,Missouri
Calhoun,02/01/1902,Missouri
California,04/01/1904,Missouri
Callao,08/01/1899,Missouri
Calwood,04/15/1904,Missouri
Camden Point,09/01/1903,Missouri
Cameron,09/15/1899,Missouri
Canton,04/01/1902,Missouri
Cape Girardeau,11/16/1903,Missouri
Carl Junction,12/02/1901,Missouri
Carrollton,08/01/1901,Missouri
Carterville,04/01/1903,Missouri
Carthage,08/15/1899,Missouri
Cassville,04/01/1903,Missouri
Centaur Station,06/01/1904,Missouri
Center,02/02/1903,Missouri
Centerview,12/15/1903,Missouri
Centralia,10/01/1902,Missouri
Chamois,04/01/1904,Missouri
Charity,09/15/1904,Missouri
Charleston,03/01/1901,Missouri
Cherrybox,01/01/1904,Missouri
Chesterfield,06/01/1904,Missouri
Chilhowee,07/01/1902,Missouri
Chillicothe,05/15/1899,Missouri
Chula,11/16/1903,Missouri
Clarence,10/01/1901,Missouri
Clark,03/02/1903,Missouri
Clarksburg,04/01/1904,Missouri
Clarksdale,11/01/1901,Missouri
Clarksville,10/01/1901,Missouri
Clearmont,10/01/1901,Missouri
Cleveland,08/01/1903,Missouri
Clifton Hill,08/01/1901,Missouri
Clinton,04/15/1901,Missouri
Clyde,10/01/1901,Missouri
Coatsville,05/16/1904,Missouri
Coffeyburg,09/15/1903,Missouri
Colecamp,03/01/1904,Missouri
College Mound,09/01/1904,Missouri
Collins,08/01/1904,Missouri
Columbia,09/01/1902,Missouri
Commerce,02/02/1903,Missouri
Concordia,07/01/1901,Missouri
Conway,11/02/1903,Missouri
Cora,11/01/1902,Missouri
Corder,09/01/1903,Missouri
Corso,05/01/1903,Missouri
Cosby,03/02/1903,Missouri
Cowgill,11/01/1901,Missouri
Craig,11/01/1901,Missouri
Crawford,01/01/1904,Missouri
Creighton,11/01/1902,Missouri
Creve Coeur,06/01/1904,Missouri
Cuba,04/15/1904,Missouri
Curryville,10/01/1902,Missouri
Cyrene,10/01/1904,Missouri
Dalton,05/01/1902,Missouri
Darlington,09/01/1903,Missouri
Dawn,11/16/1903,Missouri
Dearborn,09/01/1902,Missouri
Deepwater,02/01/1902,Missouri
Deerfield,04/01/1903,Missouri
Defiance,12/01/1904,Missouri
Dekalb,02/01/1902,Missouri
Denver,12/01/1903,Missouri
Dewitt,11/02/1903,Missouri
Dexter,04/01/1904,Missouri
Diamond,10/01/1903,Missouri
Downing,10/01/1903,Missouri
Dresden,12/01/1904,Missouri
Drexel,10/01/1902,Missouri
Dunlap,11/01/1901,Missouri
Dunnegan,08/15/1904,Missouri
Durham,11/15/1904,Missouri
Eagleville,11/01/1902,Missouri
Easton,09/01/1903,Missouri
Edgerton,10/01/1902,Missouri
Edina,04/15/1901,Missouri
Eldorado Springs,09/15/1904,Missouri
Elmer,02/02/1903,Missouri
Elmo,09/01/1903,Missouri
Elsberry,10/15/1904,Missouri
Elwood,10/01/1903,Missouri
Ely,08/01/1904,Missouri
Eolia,10/01/1903,Missouri
Epworth,01/15/1904,Missouri
Ethel,02/15/1904,Missouri
Eureka,06/01/1904,Missouri
Everton,12/01/1902,Missouri
Ewing,06/01/1901,Missouri
Excelsior Springs,05/01/1903,Missouri
Exeter,08/15/1904,Missouri
Fairfax,12/15/1900,Missouri
Fairgrove,12/01/1904,Missouri
Farmington,11/01/1904,Missouri
Faucett,09/01/1903,Missouri
Fayette,07/01/1902,Missouri
Fayetteville,12/15/1903,Missouri
Florisant,03/01/1902,Missouri
Forest City,02/02/1903,Missouri
Forestgreen,01/01/1904,Missouri
Forestgreen,03/01/1904,Missouri
Foristell,09/15/1904,Missouri
Fortuna,04/01/1904,Missouri
Frankford,10/01/1901,Missouri
Franklin,07/01/1902,Missouri
Fredericktown,03/02/1903,Missouri
Freeman,08/01/1903,Missouri
Fulton,12/01/1902,Missouri
Galena,11/01/1904,Missouri
Gallatin,10/01/1900,Missouri
Galt,01/02/1901,Missouri
Garden City,12/01/1902,Missouri
Gashland,08/15/1904,Missouri
Gazette,09/01/1904,Missouri
Gentry,04/01/1903,Missouri
Gilliam,02/02/1903,Missouri
Gilman City,09/15/1903,Missouri
Glasgow,07/01/1902,Missouri
Glencoe,06/01/1904,Missouri
Golden City,09/02/1901,Missouri
Goodman,05/16/1904,Missouri
Gordonville,11/02/1903,Missouri
Gorin,02/02/1903,Missouri
Gower,01/01/1902,Missouri
Graham,10/01/1901,Missouri
Grain Valley,02/01/1902,Missouri
Granby,04/01/1903,Missouri
Grant City,06/01/1901,Missouri
Green City,03/02/1903,Missouri
Green Ridge,07/01/1902,Missouri
Greencastle,05/01/1903,Missouri
Greenfield,12/01/1902,Missouri
Greentop,10/01/1903,Missouri
Greenwood,04/15/1901,Missouri
Gregory Landing,08/01/1904,Missouri
Guilford,09/01/1903,Missouri
Guthrie,10/01/1904,Missouri
Hale,01/15/1901,Missouri
Halfway,11/01/1904,Missouri
Halls,01/15/1904,Missouri
Hallsville,04/15/1904,Missouri
Hamilton,03/15/1900,Missouri
Hannibal,01/15/1901,Missouri
Hardin,08/01/1901,Missouri
Harlem,12/15/1903,Missouri
Harris,03/02/1903,Missouri
Harrisonville,08/01/1903,Missouri
Harwood,09/15/1903,Missouri
Hatfield,08/15/1904,Missouri
Hatton,09/15/1904,Missouri
Helena,03/02/1903,Missouri
Hemple,08/01/1904,Missouri
Hermann,02/01/1901,Missouri
Hickman Mill,03/15/1901,Missouri
Hickory,11/16/1903,Missouri
Higbee,07/01/1903,Missouri
Higginsville,06/01/1899,Missouri
High Hill,04/01/1904,Missouri
Hillsboro,06/01/1904,Missouri
Holden,07/01/1902,Missouri
Holliday,10/01/1902,Missouri
Holstein,11/01/1904,Missouri
Holt,09/01/1903,Missouri
Hopkins,07/23/1900,Missouri
Horton,09/15/1903,Missouri
House Springs,06/01/1904,Missouri
Houstonia,09/01/1902,Missouri
Hughesville,03/15/1900,Missouri
Humansville,07/15/1904,Missouri
Hume,02/15/1904,Missouri
Humphrey,03/01/1902,Missouri
Hunnewell,10/01/1902,Missouri
Huntsdale,11/15/1904,Missouri
Huntsville,01/02/1901,Missouri
Hurdland,05/01/1902,Missouri
Iantha,09/01/1902,Missouri
Independence,09/02/1901,Missouri
Irwin,11/16/1903,Missouri
Jackson,02/02/1903,Missouri
Jameson,04/01/1903,Missouri
Jamesport,07/01/1903,Missouri
Jamestown,04/01/1904,Missouri
Jasper,03/01/1901,Missouri
Jefferson City,05/01/1902,Missouri
Jonesburg,11/01/1901,Missouri
Joplin,04/01/1903,Missouri
Kahoka,03/02/1903,Missouri
Kansas City,02/01/1902,Missouri
Kearney,12/15/1900,Missouri
Keytesville,10/01/1902,Missouri
Kidder,12/15/1903,Missouri
Kimmswick,06/01/1904,Missouri
King City,09/01/1903,Missouri
Kingston,03/01/1900,Missouri
Kingsville,07/01/1902,Missouri
Kirksville,09/01/1902,Missouri
Knobnoster,12/01/1902,Missouri
Knox City,03/01/1901,Missouri
La Belle,08/01/1899,Missouri
Laclede,03/02/1903,Missouri
Lacrosse,02/02/1903,Missouri
Laddonia,10/01/1902,Missouri
Lagrange,08/01/1903,Missouri
Lakenan,10/01/1902,Missouri
Lamar ,08/01/1901,Missouri
Lamonte,07/01/1902,Missouri
Lancaster,09/01/1903,Missouri
Langdon,09/01/1903,Missouri
Laplata,10/01/1901,Missouri
Laredo,03/01/1902,Missouri
Lathrop,12/15/1900,Missouri
Latour,12/15/1903,Missouri
Lawson,10/01/1901,Missouri
Lebanon,05/16/1904,Missouri
Lees Summit,05/01/1899,Missouri
Leeton,12/15/1903,Missouri
Lemonville,12/15/1903,Missouri
Lentner,11/01/1902,Missouri
Leonard,01/15/1904,Missouri
Lewistown,04/15/1901,Missouri
Lexington,03/01/1899,Missouri
Liberal,10/01/1902,Missouri
Liberty,04/16/1900,Missouri
Lincoln,12/15/1903,Missouri
Linneus,02/01/1901,Missouri
Lisle,07/01/1904,Missouri
Livonia,11/15/1904,Missouri
Lock Spring,04/01/1903,Missouri
Lockwood,12/01/1902,Missouri
Louisiana,07/01/1901,Missouri
Lowry City,01/01/1904,Missouri
Lucerne,08/15/1904,Missouri
Lupus,11/01/1904,Missouri
Luray,03/02/1903,Missouri
Macomb,12/01/1904,Missouri
Madison,03/02/1903,Missouri
Maitland,08/01/1900,Missouri
Maltabend,05/16/1904,Missouri
Mansfield,07/01/1904,Missouri
Marceline,11/01/1902,Missouri
Marionville,04/01/1903,Missouri
Marling,09/01/1903,Missouri
Marshall,02/02/1903,Missouri
Marshfield,09/01/1904,Missouri
Marthasville,05/16/1904,Missouri
Martin City,02/01/1902,Missouri
Martinsburg,01/15/1904,Missouri
Martinsville,07/01/1904,Missouri
Marysville,03/01/1899,Missouri
Maysville,11/01/1901,Missouri
Mayview,11/02/1903,Missouri
Maywood,08/01/1903,Missouri
Mc Fall,09/01/1903,Missouri
Mc Girk,11/15/1904,Missouri
Meadville,11/01/1901,Missouri
Medoc,11/01/1904,Missouri
Melbourne,09/15/1903,Missouri
Memphis,06/01/1901,Missouri
Mendon,03/02/1903,Missouri
Mendota,11/15/1904,Missouri
Mercer,11/16/1903,Missouri
Merwin,02/01/1904,Missouri
Mexico,03/15/1901,Missouri
Miami,02/02/1903,Missouri
Miami Station,09/01/1903,Missouri
Middletown,01/15/1904,Missouri
Milan,11/01/1902,Missouri
Miller,04/15/1904,Missouri
Millersville,11/15/1904,Missouri
Millgrove,09/15/1903,Missouri
Millville,10/15/1904,Missouri
Milo,11/16/1903,Missouri
Mineola,11/01/1904,Missouri
Moberly,08/01/1901,Missouri
Mokane,09/15/1904,Missouri
Monett,08/01/1901,Missouri
Monroe City,08/01/1902,Missouri
Montgomery City,03/01/1904,Missouri
Monticello,04/01/1902,Missouri
Montrose,02/01/1902,Missouri
Montserrat,12/15/1903,Missouri
Mooresville,09/01/1903,Missouri
Mora,09/01/1902,Missouri
Moscow Mills,08/15/1904,Missouri
Mound City,10/01/1901,Missouri
Moundville,11/02/1903,Missouri
Mount Leonard,07/01/1904,Missouri
Mount Vernon,03/02/1903,Missouri
Mountaingrove,11/15/1904,Missouri
Napoleon,09/01/1903,Missouri
Napton,02/02/1903,Missouri
Nashua,10/15/1904,Missouri
Nelson,06/01/1899,Missouri
Nelsonville,11/15/1904,Missouri
Neosho,08/01/1901,Missouri
Nettleton,02/01/1904,Missouri
Nevada,07/01/1901,Missouri
New Bloomfield,05/16/1904,Missouri
New Boston,03/02/1903,Missouri
New Cambria,11/01/1902,Missouri
New Florence,10/01/1902,Missouri
New Franklin,03/01/1904,Missouri
New Hampton,04/01/1903,Missouri
New Hartford,04/15/1904,Missouri
New London,12/01/1902,Missouri
Newark,09/15/1903,Missouri
Newhaven,07/01/1903,Missouri
Newton,05/01/1903,Missouri
Norborne,01/15/1901,Missouri
North Salem,12/01/1904,Missouri
Norwood,03/02/1903,Missouri
Novelty,09/15/1903,Missouri
Novinger,10/01/1904,Missouri
O’ Fallon,02/02/1903,Missouri
Oakgrove,02/01/1902,Missouri
Oakwood,02/02/1903,Missouri
Odessa,03/01/1901,Missouri
Ohio,12/15/1903,Missouri
Oregon,10/01/1901,Missouri
Oronogo,11/01/1901,Missouri
Orrick,09/01/1903,Missouri
Osborn,07/01/1901,Missouri
Otterville,03/01/1904,Missouri
Overton,05/16/1904,Missouri
Ovid,08/15/1904,Missouri
Owensville,02/02/1903,Missouri
Palmyra,02/15/1901,Missouri
Paris,09/01/1902,Missouri
Parkville,11/01/1900,Missouri
Parnell,08/01/1900,Missouri
Pattonsburg,08/01/1901,Missouri
Peculiar,11/01/1902,Missouri
Perry,09/15/1903,Missouri
Perryville,11/02/1903,Missouri
Philadelphia,10/15/1904,Missouri
Phillipsburg,09/01/1904,Missouri
Pickering,10/15/1903,Missouri
Piedmont,09/01/1904,Missouri
Pierce City,04/01/1903,Missouri
Pilotgrove,09/15/1903,Missouri
Pineville,09/01/1904,Missouri
Pittsville,09/01/1903,Missouri
Platte City,07/05/1899,Missouri
Plattsburg,11/01/1901,Missouri
Pleasant Hill,02/01/1902,Missouri
Pollock,11/01/1904,Missouri
Polo,11/01/1901,Missouri
Pomona,09/01/1904,Missouri
Powersville,11/02/1903,Missouri
Prairiehill,09/15/1903,Missouri
Princeton,03/02/1903,Missouri
Purdin,09/02/1901,Missouri
Purdy,04/01/1903,Missouri
Queen City,09/01/1902,Missouri
Quitman,09/02/1901,Missouri
Randolph,12/01/1903,Missouri
Ravenwood,10/01/1901,Missouri
Raymore,03/01/1901,Missouri
Rea,07/15/1904,Missouri
Reeds,10/01/1901,Missouri
Reger,03/02/1903,Missouri
Republic,08/01/1903,Missouri
Revere,03/02/1903,Missouri
Rhineland,01/15/1904,Missouri
Richards,09/15/1903,Missouri
Richhill,04/01/1902,Missouri
Richmond,10/01/1901,Missouri
Ridgeway,09/15/1903,Missouri
Rinehart,05/16/1904,Missouri
Ritchey,04/01/1903,Missouri
Roads,12/15/1903,Missouri
Rocheport,05/01/1903,Missouri
Rockport,04/16/1900,Missouri
Rockville,05/01/1902,Missouri
Rocky Comfort,09/01/1904,Missouri
Rolla,10/01/1904,Missouri
Roseland,12/15/1903,Missouri
Rosendale,01/01/1903,Missouri
Rothville,11/01/1902,Missouri
Rush Hill,04/15/1904,Missouri
Rushville,02/02/1903,Missouri
Russellville,11/15/1904,Missouri
Rutledge,07/01/1901,Missouri
Saint Catharine,05/01/1902,Missouri
Saint Charles,07/16/1900,Missouri
Saint Joseph,01/02/1901,Missouri
Saint Louis,03/01/1902,Missouri
Saint Peters,04/15/1904,Missouri
Saline,03/01/1904,Missouri
Salisbury,10/01/1901,Missouri
Sarcoxie,12/02/1901,Missouri
Savannah,03/02/1903,Missouri
Saxton,02/01/1902,Missouri
Schell City,09/15/1903,Missouri
Sedalia,10/01/1902,Missouri
Seligman,04/15/1904,Missouri
Seneca,04/01/1903,Missouri
Seymour,03/02/1903,Missouri
Shackleford,07/01/1904,Missouri
Shelbina,10/01/1901,Missouri
Shelbyville,09/01/1902,Missouri
Sheldon,09/15/1903,Missouri
Sheridan,03/02/1903,Missouri
Sibley,02/01/1902,Missouri
Silex,05/15/1901,Missouri
Skidmore,09/01/1900,Missouri
Slater,02/02/1903,Missouri
Smithton,03/01/1904,Missouri
Smithville,09/01/1903,Missouri
Sorrell,05/01/1903,Missouri
South Greenfield,07/15/1904,Missouri
South Saint Joseph,03/01/1902,Missouri
Speed,05/02/1904,Missouri
Springfield,11/01/1901,Missouri
Spruce,02/15/1904,Missouri
Stahl,10/01/1904,Missouri
Stanberry,06/01/1901,Missouri
Stedman,10/01/1904,Missouri
Steffenville,10/01/1903,Missouri
Stewartsville,11/01/1901,Missouri
Stillings,01/15/1904,Missouri
Stotts City,10/01/1904,Missouri
Strafford,09/15/1904,Missouri
Sturgeon,04/15/1904,Missouri
Sumner,10/01/1901,Missouri
Sweetsprings,04/01/1903,Missouri
Tarkio,08/15/1900,Missouri
Taylor,08/01/1903,Missouri
Thompson,09/15/1904,Missouri
Tina,03/02/1903,Missouri
Tipton,09/15/1903,Missouri
Trenton,01/02/1901,Missouri
Trimble,11/02/1903,Missouri
Triplett,01/01/1904,Missouri
Troy,12/01/1902,Missouri
Turney,09/02/1901,Missouri
Union Star,09/01/1903,Missouri
Unionville,08/01/1902,Missouri
Urich,03/01/1902,Missouri
Utica,11/01/1901,Missouri
Valley Park,06/01/1904,Missouri
Vandalia,02/01/1901,Missouri
Verona,04/01/1903,Missouri
Versailles,11/01/1901,Missouri
Vibbard,11/16/1903,Missouri
Villaridge,04/15/1904,Missouri
Wakenda,10/01/1902,Missouri
Walker,09/01/1902,Missouri
Walnutgrove,04/01/1904,Missouri
Warren,04/15/1904,Missouri
Warrensburg,07/01/1902,Missouri
Warrenton,02/15/1901,Missouri
Warsaw,05/02/1904,Missouri
Washington,10/01/1904,Missouri
Watson,09/01/1903,Missouri
Waverly,05/16/1904,Missouri
Weatherby,09/01/1903,Missouri
Weaubleau,12/01/1904,Missouri
Webb City,04/01/1903,Missouri
Wellington,09/01/1903,Missouri
Wellsville,07/01/1902,Missouri
Wentworth,04/01/1903,Missouri
Wentzville,05/16/1904,Missouri
Westalton,02/02/1903,Missouri
Westboro,09/01/1902,Missouri
Westline,07/01/1904,Missouri
Weston,09/01/1902,Missouri
Westplains,02/02/1903,Missouri
Wheeling,05/01/1901,Missouri
Whiteside,01/15/1904,Missouri
Whitewater,11/01/1904,Missouri
Willard,10/01/1903,Missouri
Williamstown,09/15/1903,Missouri
Windsor,01/01/1902,Missouri
Winfield,10/15/1904,Missouri
Winston,09/01/1903,Missouri
Wise,11/15/1904,Missouri
Wooldridge,01/01/1904,Missouri
Worth,09/01/1903,Missouri
Wright City,11/01/1902,Missouri
Wyaconda,03/02/1903,Missouri
Yarrow,12/15/1904,Missouri
